T,H,D,kv_len,splits,allclose,max_abs,mean_abs,median_us,min_us,max_us
4,16,512,64,1,1,0.0009765625,8.27641852083616e-05,29.11750052589923,28.632002067752182,31.85145033057779
4,16,512,64,2,1,0.0009765625,8.016361243790016e-05,50.91700004413724,50.27049919590354,52.3729482665658
4,16,512,64,4,1,0.0009765625,7.838199962861836e-05,50.3719988046214,50.12250039726496,51.39495187904686
4,16,512,64,8,1,0.0009765625,7.838199962861836e-05,50.964500405825675,50.03850092180073,52.898499416187406
4,16,512,64,16,1,0.0009765625,7.838199962861836e-05,51.65899929124862,50.59749819338322,52.0315021276474
4,16,512,128,1,1,0.0009765625,5.96003737882711e-05,29.10250041168183,28.723498689942062,29.93950038217008
4,16,512,128,2,1,0.0009765625,5.8799028920475394e-05,51.067498861812055,50.63145072199404,51.351499860174954
4,16,512,128,4,1,0.0009765625,5.6923265219666064e-05,50.446001114323735,50.284952158108354,50.89799815323204
4,16,512,128,8,1,0.0009765625,5.5889169743750244e-05,50.86449964437634,50.366451614536345,51.27000040374696
4,16,512,128,16,1,0.0009765625,5.5889169743750244e-05,50.771949463523924,50.50850159022957,51.1010002810508
4,16,512,192,1,1,0.00048828125,4.911447467748076e-05,31.015000422485173,30.93650157097727,31.54299920424819
4,16,512,192,2,1,0.0009765625,4.858837928622961e-05,50.75249937362969,50.51249754615128,51.19250272400677
4,16,512,192,4,1,0.00048828125,4.7486155381193385e-05,50.88250036351383,50.764501793310046,51.14995001349598
4,16,512,192,8,1,0.00048828125,4.693051232607104e-05,50.89000042062253,50.37450173404068,51.08049954287708
4,16,512,192,16,1,0.00048828125,4.5706434320891276e-05,50.689998897723854,50.456999451853335,50.8504977915436
4,16,512,256,1,1,0.00048828125,4.3585394450929016e-05,38.85950136464089,38.749497616663575,39.252499118447304
4,16,512,256,2,1,0.00048828125,4.232670835335739e-05,50.85894954390824,50.60099938418716,51.66449991520494
4,16,512,256,4,1,0.00048828125,4.119968070881441e-05,51.1310005094856,51.05099990032613,51.82549939490855
4,16,512,256,8,1,0.00048828125,4.0367114706896245e-05,51.19499983265996,50.7235003169626,51.7234526341781
4,16,512,256,16,1,0.00048828125,3.92188158002682e-05,51.29300116095692,50.7494987687096,51.598448771983385
4,16,512,320,1,1,0.00048828125,3.946469951188192e-05,46.86499887611717,46.7349513201043,47.06000036094338
4,16,512,320,2,1,0.00048828125,3.928030491806567e-05,50.90900231152773,50.539447693154216,51.815001643262804
4,16,512,320,4,1,0.00048828125,3.775693039642647e-05,50.68900063633919,50.52894994150847,50.94099906273186
4,16,512,320,8,1,0.00048828125,3.73664588551037e-05,51.005950081162155,50.90399936307222,51.392498426139355
4,16,512,320,16,1,0.00048828125,3.644289245130494e-05,51.032452029176056,50.53049826528877,51.09799967613071
4,16,512,512,1,1,0.00048828125,3.1453419069293886e-05,70.78495109453797,70.75000030454248,71.19145011529326
4,16,512,512,2,1,0.00048828125,3.111083060503006e-05,51.42299924045801,51.195998094044626,52.4050003150478
4,16,512,512,4,1,0.00048828125,3.069105150643736e-05,50.721000297926366,50.446949899196625,51.31050129421055
4,16,512,512,8,1,0.00048828125,2.967518230434507e-05,50.69550243206322,50.52350170444697,50.999948871321976
4,16,512,512,16,1,0.00048828125,2.881072214222513e-05,50.965999253094196,50.618499517440796,51.47299962118268
4,16,512,768,1,1,0.00048828125,2.5891367840813473e-05,102.76944958604872,102.69000194966793,103.31295197829604
4,16,512,768,2,1,0.00048828125,2.60190136032179e-05,57.33450234401971,57.231500977650285,57.70949937868863
4,16,512,768,4,1,0.00048828125,2.566086368460674e-05,50.66650046501309,50.444999942556024,50.953502068296075
4,16,512,768,8,1,0.00048828125,2.5215063942596316e-05,50.93450017739087,50.39749958086759,52.1025009220466
4,16,512,768,16,1,0.00048828125,2.4525050321244635e-05,50.88299803901464,50.23844714742154,50.97099929116666
4,16,512,1024,1,1,0.000244140625,2.281703746120911e-05,134.6684992313385,134.60494810715318,135.05950046237558
4,16,512,1024,2,1,0.000244140625,2.2848438675282523e-05,73.45300109591335,73.37394927162677,73.51000094786286
4,16,512,1024,4,1,0.000244140625,2.280870648974087e-05,51.570500363595784,51.12399812787771,52.51900001894683
4,16,512,1024,8,1,0.000244140625,2.244535062345676e-05,50.88300094939768,50.59300165157765,51.2409518705681
4,16,512,1024,16,1,0.000244140625,2.2080719645600766e-05,50.975498743355274,50.548999570310116,51.478500245139
4,16,512,2048,1,1,0.000244140625,1.68348487932235e-05,262.4734479468316,262.33295211568475,262.84595078323036
4,16,512,2048,2,1,0.000244140625,1.6736845282139257e-05,138.08994845021516,137.9239489324391,138.3414986776188
4,16,512,2048,4,1,0.000244140625,1.684350354480557e-05,73.65749916061759,73.5759997041896,74.39650071319193
4,16,512,2048,8,1,0.000244140625,1.665918534854427e-05,51.39350250829011,51.3584993313998,52.01144958846271
4,16,512,2048,16,1,0.000244140625,1.6323256204486825e-05,50.81400158815086,50.3910006955266,51.01095011923462
8,16,512,64,1,1,0.0009765625,8.245446952059865e-05,28.901497717015445,28.64394919015467,30.153998523019254
8,16,512,64,2,1,0.0009765625,7.985715637914836e-05,50.65500154159963,50.573499174788594,51.51049990672618
8,16,512,64,4,1,0.0009765625,7.77959794504568e-05,51.40249850228429,50.91700004413724,51.429448649287224
8,16,512,64,8,1,0.0009765625,7.77959794504568e-05,51.04149749968201,50.9679492097348,51.44900060258806
8,16,512,64,16,1,0.0009765625,7.77959794504568e-05,51.20044806972146,51.11799982842058,52.43699997663498
8,16,512,128,1,1,0.0009765625,6.059971565264277e-05,29.20549886766821,29.017450287938118,30.494501697830856
8,16,512,128,2,1,0.0009765625,5.9090900322189555e-05,51.00499838590622,50.78850081190467,51.33700033184141
8,16,512,128,4,1,0.0009765625,5.72045064473059e-05,50.76899833511561,50.55450019426644,51.55649851076305
8,16,512,128,8,1,0.0009765625,5.622503158519976e-05,51.111498032696545,50.888501573354006,51.54699902050197
8,16,512,128,16,1,0.0009765625,5.622503158519976e-05,51.16499960422516,50.84750009700656,51.49744974914938
8,16,512,192,1,1,0.0009765625,5.018625961383805e-05,30.96145228482783,30.921000870876014,31.713000498712063
8,16,512,192,2,1,0.0009765625,4.9062728066928685e-05,50.95245142001659,50.55700021330267,51.48350028321147
8,16,512,192,4,1,0.0009765625,4.755401096190326e-05,50.78950198367238,50.567000289447606,51.22394941281527
8,16,512,192,8,1,0.0009765625,4.7606365114916116e-05,50.98649999126792,50.54044886492193,51.504498696886
8,16,512,192,16,1,0.0009765625,4.6002249291632324e-05,50.889948033727705,50.51750049460679,51.26449977979064
8,16,512,256,1,1,0.00048828125,4.346658170106821e-05,39.09800143446773,38.913500611670315,39.669949910603464
8,16,512,256,2,1,0.00048828125,4.245662421453744e-05,50.75899825897068,50.548999570310116,51.67894996702671
8,16,512,256,4,1,0.00048828125,4.1594172216719016e-05,51.319500198587775,50.85699958726764,51.78299907129258
8,16,512,256,8,1,0.00048828125,4.057578189531341e-05,51.21750000398606,50.77350069768727,51.51100049261004
8,16,512,256,16,1,0.00048828125,3.97597614210099e-05,50.745002226904035,50.618001841939986,51.23300070408732
8,16,512,320,1,1,0.00048828125,3.8955462514422834e-05,46.91045032814145,46.854501124471426,47.37650160677731
8,16,512,320,2,1,0.00048828125,3.86396495741792e-05,51.48295022081584,50.73895154055208,51.928500761277974
8,16,512,320,4,1,0.00048828125,3.812973227468319e-05,50.90800113976002,50.479499623179436,51.864449051208794
8,16,512,320,8,1,0.00048828125,3.7432262615766376e-05,51.037498633377254,50.75100052636117,51.52900121174753
8,16,512,320,16,1,0.00048828125,3.6621568142436445e-05,51.154999528080225,50.75999943073839,51.45095055922866
8,16,512,512,1,1,0.00048828125,3.146311064483598e-05,70.89949795044959,70.83594973664731,71.49250013753772
8,16,512,512,2,1,0.00048828125,3.148650284856558e-05,51.4935003593564,51.44949827808887,52.44100175332278
8,16,512,512,4,1,0.00048828125,3.0927592888474464e-05,51.24350136611611,50.906999967992306,51.70244839973748
8,16,512,512,8,1,0.00048828125,3.0269919079728425e-05,51.02749855723232,50.54294888395816,52.15599958319217
8,16,512,512,16,1,0.00048828125,2.959543780889362e-05,51.671950495801866,51.465502474457026,51.84799956623465
8,16,512,768,1,1,0.00048828125,2.61225868598558e-05,102.75945242028683,102.5994512019679,103.48299983888865
8,16,512,768,2,1,0.00048828125,2.5873738195514306e-05,57.42000066675246,57.333498261868954,57.652947725728154
8,16,512,768,4,1,0.00048828125,2.5540215574437752e-05,50.80150149296969,50.614000065252185,51.926999003626406
8,16,512,768,8,1,0.00048828125,2.51695018960163e-05,51.15449894219637,50.64799915999174,51.44599999766797
8,16,512,768,16,1,0.00048828125,2.463694181642495e-05,50.961950910277665,50.639998516999185,51.02500144857913
8,16,512,1024,1,1,0.000244140625,2.2852615074953064e-05,134.71395068336278,134.65344964060932,135.4394480586052
8,16,512,1024,2,1,0.000244140625,2.2743995941709727e-05,73.783949483186,73.63249897025526,74.34999861288816
8,16,512,1024,4,1,0.000244140625,2.2569773136638105e-05,51.478500245139,51.419451483525336,51.857499056495726
8,16,512,1024,8,1,0.000244140625,2.220181340817362e-05,51.04000156279653,50.724949687719345,51.53050005901605
8,16,512,1024,16,1,0.000244140625,2.1940482838544995e-05,50.840500625781715,50.62000127509236,51.30594945512712
8,16,512,2048,1,1,0.000244140625,1.7044310880010016e-05,262.42290041409433,262.35594996251166,262.8148999065161
8,16,512,2048,2,1,0.000244140625,1.698829510132782e-05,138.2499496685341,138.16694845445454,138.3924507535994
8,16,512,2048,4,1,0.000244140625,1.65967194334371e-05,73.95145075861365,73.91749823000282,74.1740019293502
8,16,512,2048,8,1,0.000244140625,1.652434002608061e-05,51.85945192351937,51.50099750608206,52.10499803069979
8,16,512,2048,16,1,0.000244140625,1.6371499441447668e-05,51.57649866305292,51.09100020490587,52.34100099187344
24,16,512,64,1,1,0.0009765625,8.152713417075574e-05,29.189500492066145,29.062500107102096,29.94949754793197
24,16,512,64,2,1,0.0009765625,7.915733294794336e-05,51.28149932716042,51.20850109960884,52.381501882337034
24,16,512,64,4,1,0.0009765625,7.767361239530146e-05,51.323501975275576,51.07995239086449,51.83549947105348
24,16,512,64,8,1,0.0009765625,7.767361239530146e-05,51.77095008548349,51.17249966133386,52.4650007719174
24,16,512,64,16,1,0.0009765625,7.767361239530146e-05,51.0369980474934,50.69395119789988,51.68299830984324
24,16,512,128,1,1,0.0009765625,5.920881449128501e-05,29.27049936261028,28.754500090144575,30.27050115633756
24,16,512,128,2,1,0.0009765625,5.816181510454044e-05,51.180500304326415,50.715499673970044,51.54400132596493
24,16,512,128,4,1,0.0009765625,5.694033461622894e-05,50.581450341269374,50.387499504722655,51.794949104078114
24,16,512,128,8,1,0.0009765625,5.517073441296816e-05,51.12999933771789,50.939948414452374,51.38700071256608
24,16,512,128,16,1,0.0009765625,5.517073441296816e-05,50.807499792426825,50.59849936515093,51.80200096219778
24,16,512,192,1,1,0.0009765625,4.954979522153735e-05,31.02899936493486,30.92199913226068,31.686999136582017
24,16,512,192,2,1,0.0009765625,4.8657759180059657e-05,51.12850049044937,50.44599820394069,51.658498705364764
24,16,512,192,4,1,0.0009765625,4.732784509542398e-05,51.035001524724066,50.80099799670279,51.55499966349453
24,16,512,192,8,1,0.0009765625,4.673451621783897e-05,50.845000077970326,50.76345114503056,51.84694891795516
24,16,512,192,16,1,0.0009765625,4.537476343102753e-05,51.42044974491,51.00900016259402,51.718499162234366
24,16,512,256,1,1,0.0009765625,4.3386928155086935e-05,39.187498623505235,39.012450724840164,39.81750051025301
24,16,512,256,2,1,0.0009765625,4.2873856727965176e-05,51.05595046188682,50.88550096843392,51.422949763946235
24,16,512,256,4,1,0.0009765625,4.183724377071485e-05,50.84744771011174,50.52850174251944,51.707998500205576
24,16,512,256,8,1,0.0009765625,4.064843960804865e-05,51.242951303720474,51.118500414304435,51.47849733475596
24,16,512,256,16,1,0.0009765625,3.987045056419447e-05,50.82749994471669,50.80300034023821,52.1250010933727
24,16,512,320,1,1,0.0009765625,3.901716263499111e-05,47.05199971795082,46.928448136895895,47.42949968203902
24,16,512,320,2,1,0.00048828125,3.8470774597954005e-05,51.053447532467544,50.865497905761,52.1509995451197
24,16,512,320,4,1,0.00048828125,3.786965680774301e-05,51.35399987921119,50.79045076854527,51.72549863345921
24,16,512,320,8,1,0.0009765625,3.689252116600983e-05,51.55944963917136,50.98100227769464,51.91699892748147
24,16,512,320,16,1,0.00048828125,3.6650388210546225e-05,51.39049899298698,51.19544803164899,51.849501323886216
24,16,512,512,1,1,0.00048828125,3.1295130611397326e-05,71.03545067366213,70.9229992935434,71.42999966163188
24,16,512,512,2,1,0.00048828125,3.099263267358765e-05,51.90345109440386,51.44649767316878,52.80850164126605
24,16,512,512,4,1,0.00048828125,3.0503677407978103e-05,51.51999939698726,50.972498138435185,52.3544498719275
24,16,512,512,8,1,0.00048828125,2.9954548153909855e-05,50.99099944345653,50.79749971628189,51.39749846421182
24,16,512,512,16,1,0.00048828125,2.9284541597007774e-05,51.078450633212924,50.87349854875356,51.36145045980811
24,16,512,768,1,1,0.00048828125,2.624698208819609e-05,103.04544994141906,102.89099882356822,103.39099972043186
24,16,512,768,2,1,0.00048828125,2.595903424662538e-05,59.56999957561493,59.51950151938945,59.90149802528322
24,16,512,768,4,1,0.00048828125,2.5721306883497164e-05,51.68450006749481,51.1535006808117,51.80950101930648
24,16,512,768,8,1,0.00048828125,2.5289842596976086e-05,51.23699957039207,51.067949971184134,51.73844983801246
24,16,512,768,16,1,0.00048828125,2.467375270498451e-05,51.33099912200123,51.185948541387916,52.14249831624329
24,16,512,1024,1,1,0.00048828125,2.295590820722282e-05,134.9729485809803,134.86194948200136,135.50849980674684
24,16,512,1024,2,1,0.00048828125,2.293417855980806e-05,76.02100085932761,75.93049958813936,76.22895063832402
24,16,512,1024,4,1,0.00048828125,2.2683088900521398e-05,51.99699953664094,51.86950147617608,52.48749803286046
24,16,512,1024,8,1,0.00048828125,2.2354404791258276e-05,51.16150132380426,50.87500030640513,51.70099902898073
24,16,512,1024,16,1,0.00048828125,2.173331995436456e-05,51.39150016475469,51.25949974171817,51.94650148041546
24,16,512,2048,1,1,0.000244140625,1.6845711797941476e-05,272.6828999584541,272.66145043540746,273.1529501033947
24,16,512,2048,2,1,0.000244140625,1.6846423022798263e-05,145.98100096918643,145.6920028431341,146.19445137213916
24,16,512,2048,4,1,0.000244140625,1.670400524744764e-05,79.17050097603351,79.09045089036226,79.3504499597475
24,16,512,2048,8,1,0.000244140625,1.668924596742727e-05,51.83650064282119,51.47244955878705,51.941501442343
24,16,512,2048,16,1,0.000244140625,1.644497024244629e-05,52.27899819146842,51.97200225666165,52.482448518276215
48,16,512,64,1,1,0.001953125,8.130263449857011e-05,28.49950105883181,28.287500026635826,30.135948327369988
48,16,512,64,2,1,0.001953125,7.966180419316515e-05,51.184502081014216,50.7214484969154,51.99599836487323
48,16,512,64,4,1,0.001953125,7.78068060753867e-05,50.671500503085554,50.289949285797775,51.36450054123998
48,16,512,64,8,1,0.001953125,7.78068060753867e-05,51.07149772811681,50.90949998702854,51.56995030120015
48,16,512,64,16,1,0.001953125,7.78068060753867e-05,51.25399911776185,50.63450080342591,51.4369981829077
48,16,512,128,1,1,0.0009765625,5.9754365793196484e-05,29.210449429228902,28.955499874427915,30.25350160896778
48,16,512,128,2,1,0.0009765625,5.8542493206914514e-05,51.54149839654565,50.84750009700656,52.10450035519898
48,16,512,128,4,1,0.0009765625,5.690349644282833e-05,51.452949992381036,51.24999734107405,51.655000424943864
48,16,512,128,8,1,0.0009765625,5.562397564062849e-05,50.928001292049885,50.75444933027029,51.43799935467541
48,16,512,128,16,1,0.0009765625,5.562397564062849e-05,51.21849826537073,51.143000018782914,51.74199759494513
48,16,512,192,1,1,0.0009765625,4.970794543623924e-05,31.18799941148609,31.17700107395649,32.017999910749495
48,16,512,192,2,1,0.0009765625,4.857245585299097e-05,50.991500029340386,50.68644823040813,51.37845000717789
48,16,512,192,4,1,0.0009765625,4.741614975500852e-05,51.097001414746046,50.73950160294771,51.54000245966017
48,16,512,192,8,1,0.0009765625,4.6714638301637024e-05,51.455499487929046,50.75999943073839,51.6179483383894
48,16,512,192,16,1,0.0009765625,4.5736982428934425e-05,51.4600018505007,51.17450200486928,51.786500262096524
48,16,512,256,1,1,0.0009765625,4.350169183453545e-05,39.32200197596103,39.119450957514346,39.45950011257082
48,16,512,256,2,1,0.0009765625,4.273956437828019e-05,50.706000183708966,50.4769996041432,51.46650073584169
48,16,512,256,4,1,0.0009765625,4.196256850264035e-05,50.86350138299167,50.43745040893555,51.64800095371902
48,16,512,256,8,1,0.0009765625,4.074161552125588e-05,51.06450116727501,50.614497740752995,51.82349996175617
48,16,512,256,16,1,0.0009765625,3.977875167038292e-05,51.242997869849205,50.97494868095964,52.11844982113689
48,16,512,320,1,1,0.00048828125,3.902561729773879e-05,47.22345038317144,47.18650016002357,47.52200038637966
48,16,512,320,2,1,0.00048828125,3.842528894892894e-05,50.98645051475614,50.818000454455614,51.55849794391543
48,16,512,320,4,1,0.00048828125,3.787908281083219e-05,50.92649953439832,50.40495016146451,51.12999933771789
48,16,512,320,8,1,0.00048828125,3.704390110215172e-05,51.36149993631989,51.34899984113872,51.546451868489385
48,16,512,320,16,1,0.00048828125,3.6628196539822966e-05,51.13749939482659,50.89050100650638,51.85399786569178
48,16,512,512,1,1,0.00048828125,3.151683631585911e-05,71.26900018192828,71.08194986358285,71.55750063247979
48,16,512,512,2,1,0.00048828125,3.0991588573670015e-05,51.87844799365848,51.68149946257472,52.393999067135155
48,16,512,512,4,1,0.00048828125,3.0472798243863508e-05,51.32744845468551,50.77800014987588,51.70344957150519
48,16,512,512,8,1,0.00048828125,2.993491943925619e-05,51.59550055395812,51.360001089051366,51.970998174510896
48,16,512,512,16,1,0.00048828125,2.918573227361776e-05,51.663999329321086,51.55850085429847,52.30050010140985
48,16,512,768,1,1,0.00048828125,2.6324789359932765e-05,107.70644876174629,107.62349993456155,108.05600031744689
48,16,512,768,2,1,0.00048828125,2.606934867799282e-05,63.49500035867095,63.17750085145235,63.76545061357319
48,16,512,768,4,1,0.00048828125,2.5708415705594234e-05,51.66149931028485,51.52400117367506,51.776948384940624
48,16,512,768,8,1,0.00048828125,2.5285142328357324e-05,51.904001156799495,51.428950973786414,52.164000226184726
48,16,512,768,16,1,0.00048828125,2.4628021492389962e-05,51.83850007597357,51.589502254500985,52.145999507047236
48,16,512,1024,1,1,0.00048828125,2.2829925001133233e-05,141.28100010566413,141.16345264483243,141.7599996784702
48,16,512,1024,2,1,0.00048828125,2.2774693206883967e-05,80.48900053836405,80.41350229177624,80.61345142778009
48,16,512,1024,4,1,0.00048828125,2.260112887597643e-05,52.03350156079978,51.615951815620065,52.57944867480546
48,16,512,1024,8,1,0.00048828125,2.2213414922589436e-05,52.809499902650714,52.591500570997596,52.97450115904212
48,16,512,1024,16,1,0.00048828125,2.1756253772764467e-05,53.672451758757234,53.49150160327554,53.81949886213988
48,16,512,2048,1,1,0.000244140625,1.691493707767222e-05,273.5979505814612,273.35839986335486,273.82839762140065
48,16,512,2048,2,1,0.000244140625,1.690259341557976e-05,148.29144929535687,148.2144492911175,148.54244946036488
48,16,512,2048,4,1,0.000244140625,1.687843723630067e-05,82.4090006062761,82.33550179284066,83.08049873448908
48,16,512,2048,8,1,0.000244140625,1.668903132667765e-05,85.8579995110631,85.62100119888783,86.06245100963861
48,16,512,2048,16,1,0.000244140625,1.6395813872804865e-05,77.60644948575646,77.33450038358569,77.66449998598546
72,16,512,64,1,1,0.001953125,8.161504229065031e-05,28.559501515701413,28.256000950932503,29.67950131278485
72,16,512,64,2,1,0.001953125,7.923616794869304e-05,50.89499754831195,50.67194870207459,51.3754494022578
72,16,512,64,4,1,0.001953125,7.677171379327774e-05,50.82949937786907,50.47100130468607,51.254499703645706
72,16,512,64,8,1,0.001953125,7.677171379327774e-05,51.32300138939172,50.961499800905585,52.017500274814665
72,16,512,64,16,1,0.001953125,7.677171379327774e-05,51.07345059514046,50.54999783169478,51.473002531565726
72,16,512,128,1,1,0.0009765625,5.983714072499424e-05,29.178502154536545,29.12500058300793,30.452999635599554
72,16,512,128,2,1,0.0009765625,5.844593761139549e-05,51.51744990143925,50.83650175947696,52.00899904593825
72,16,512,128,4,1,0.0009765625,5.709959441446699e-05,50.91494822409004,50.629000179469585,51.246449584141374
72,16,512,128,8,1,0.0009765625,5.562537626246922e-05,51.34600214660168,51.25995085109025,52.35099815763533
72,16,512,128,16,1,0.0009765625,5.562537626246922e-05,51.21194990351796,50.91200000606477,51.927947788499296
72,16,512,192,1,1,0.0009765625,4.943017484038137e-05,31.29450196865946,31.21350018773228,31.953997677192092
72,16,512,192,2,1,0.0009765625,4.8596128181088716e-05,50.999948871321976,50.428498070687056,51.841000095009804
72,16,512,192,4,1,0.0009765625,4.751858068630099e-05,51.13700171932578,50.745002226904035,52.01850144658238
72,16,512,192,8,1,0.0009765625,4.687273394665681e-05,51.53800011612475,51.24000017531216,52.204448729753494
72,16,512,192,16,1,0.0009765625,4.568276563077234e-05,52.29600064922124,51.847947179339826,52.43650230113417
72,16,512,256,1,1,0.0009765625,4.346022615209222e-05,39.391001337207854,39.261000347323716,39.8559495806694
72,16,512,256,2,1,0.0009765625,4.272848309483379e-05,51.56249972060323,50.86350138299167,51.86950147617608
72,16,512,256,4,1,0.0009765625,4.1829844121821225e-05,51.0244513861835,50.80300034023821,51.48399795871228
72,16,512,256,8,1,0.0009765625,4.0717230149311945e-05,51.58800049684942,51.528000039979815,51.70195072423667
72,16,512,256,16,1,0.0009765625,3.980845940532163e-05,52.31100076343864,51.98745056986809,52.49299865681678
72,16,512,320,1,1,0.0009765625,3.913512409781106e-05,47.35650145448744,47.31399822048843,47.7680005133152
72,16,512,320,2,1,0.0009765625,3.859462958644144e-05,51.36149993631989,51.12744984216988,52.55650030449033
72,16,512,320,4,1,0.0009765625,3.7859383155591786e-05,51.14599771331996,50.96800159662962,51.75200058147311
72,16,512,320,8,1,0.0009765625,3.715540515258908e-05,51.7284992383793,51.48249911144376,52.68944951239973
72,16,512,320,16,1,0.0009765625,3.644732714747079e-05,52.010497893206775,51.85450136195868,52.60000179987401
72,16,512,512,1,1,0.00048828125,3.143600406474434e-05,73.75550048891455,73.69699887931347,74.15945001412183
72,16,512,512,2,1,0.00048828125,3.114503124379553e-05,52.276000496931374,51.816500490531325,52.65594809316099
72,16,512,512,4,1,0.00048828125,3.0665367376059294e-05,51.68499774299562,51.34694802109152,52.46200016699731
72,16,512,512,8,1,0.00048828125,3.0137864087009802e-05,51.91399832256138,51.45000177435577,52.24600026849657
72,16,512,512,16,1,0.00048828125,2.9333297788980417e-05,52.824500016868114,52.43644991423935,53.218501852825284
72,16,512,768,1,1,0.00048828125,2.607834176160395e-05,107.98449802678078,107.94394765980542,108.40695176739246
72,16,512,768,2,1,0.00048828125,2.588905772427097e-05,65.83895010408014,65.8190023386851,66.04749942198396
72,16,512,768,4,1,0.00048828125,2.5592427846277133e-05,52.31149843893945,51.718001486733556,52.71800037007779
72,16,512,768,8,1,0.00048828125,2.519310510251671e-05,52.57899756543338,52.328500896692276,52.888449863530695
72,16,512,768,16,1,0.00048828125,2.4575945644755848e-05,59.09650062676519,58.963499031960964,59.285949100740254
72,16,512,1024,1,1,0.00048828125,2.2878572053741664e-05,141.60494902171195,141.50000060908496,141.99950092006475
72,16,512,1024,2,1,0.00048828125,2.2768270355300047e-05,82.76049920823425,82.67649973277003,83.15595041494817
72,16,512,1024,4,1,0.00048828125,2.2512313080369495e-05,52.66144871711731,52.20394814386964,53.53949964046478
72,16,512,1024,8,1,0.00048828125,2.2289368644123897e-05,57.94700118713081,57.7724480535835,58.05949913337827
72,16,512,1024,16,1,0.00048828125,2.178757313231472e-05,70.8314502844587,70.64745004754514,70.99600043147802
72,16,512,2048,1,1,0.000244140625,1.6904734366107732e-05,274.3619494140148,274.10744805820286,274.5609497651458
72,16,512,2048,2,1,0.000244140625,1.6837113435030915e-05,150.79494914971292,150.64195031300187,150.91494715306908
72,16,512,2048,4,1,0.000244140625,1.682424044702202e-05,86.7885013576597,86.36144921183586,88.79895030986518
72,16,512,2048,8,1,0.000244140625,1.6659141692798585e-05,90.3715001186356,90.28194763232023,90.70049854926765
72,16,512,2048,16,1,0.000244140625,1.6458112440886907e-05,103.44449838157743,103.33944810554385,103.48449868615717
96,16,512,64,1,1,0.001953125,8.136362885124981e-05,28.36594940163195,28.117501642555,29.605001327581704
96,16,512,64,2,1,0.001953125,7.931272557470948e-05,51.246501971036196,50.61450065113604,51.42645095475018
96,16,512,64,4,1,0.001953125,7.747565541649237e-05,50.81600102130324,50.4599476698786,51.455950597301126
96,16,512,64,8,1,0.001953125,7.747565541649237e-05,51.3359991600737,51.10600031912327,51.50350043550134
96,16,512,64,16,1,0.001953125,7.747565541649237e-05,51.40450084581971,51.23495066072792,51.59350112080574
96,16,512,128,1,1,0.0009765625,5.9584632253972813e-05,29.322999762371182,29.01699917856604,30.08600033354014
96,16,512,128,2,1,0.0009765625,5.8187812101095915e-05,51.24000017531216,50.880000344477594,51.43799935467541
96,16,512,128,4,1,0.0009765625,5.6909964769147336e-05,51.124999299645424,50.84049771539867,51.819998770952225
96,16,512,128,8,1,0.0009765625,5.555823372560553e-05,51.87350034248084,51.70899967197329,51.90845113247633
96,16,512,128,16,1,0.0009765625,5.555823372560553e-05,52.03350156079978,51.304002408869565,52.082998445257545
96,16,512,192,1,1,0.0009765625,4.9520469474373385e-05,32.0424500387162,31.91900032106787,32.5305009027943
96,16,512,192,2,1,0.0009765625,4.8464960855199024e-05,50.970001029782,50.73194915894419,51.978949340991676
96,16,512,192,4,1,0.0009765625,4.7423571231774986e-05,51.3754494022578,51.25200259499252,51.52600060682744
96,16,512,192,8,1,0.0009765625,4.6669352741446346e-05,51.428499864414334,51.26000032760203,51.90395168028772
96,16,512,192,16,1,0.0009765625,4.554574115900323e-05,51.68599891476333,51.44394817762077,52.0834990311414
96,16,512,256,1,1,0.0009765625,4.3352563807275146e-05,40.44949891977012,40.30349955428392,40.7845014706254
96,16,512,256,2,1,0.0009765625,4.276394611224532e-05,51.39900022186339,51.176498527638614,51.6684987815097
96,16,512,256,4,1,0.0009765625,4.1793267882894725e-05,51.466497825458646,51.3829494593665,51.656499272212386
96,16,512,256,8,1,0.0009765625,4.072827141499147e-05,51.72844976186752,51.51999939698726,52.415498066693544
96,16,512,256,16,1,0.0009765625,3.9676757296547294e-05,54.950948106125,54.78795210365206,55.758998496457934
96,16,512,320,1,1,0.0009765625,3.908446888090111e-05,49.40749786328524,49.361499259248376,49.7820001328364
96,16,512,320,2,1,0.00048828125,3.867034683935344e-05,51.03450093884021,50.9719509864226,51.612951210699975
96,16,512,320,4,1,0.00048828125,3.7842874007765204e-05,51.946999155916274,51.3884995598346,52.19549930188805
96,16,512,320,8,1,0.0009765625,3.713614569278434e-05,51.52249941602349,51.50049983058125,52.22894833423197
96,16,512,320,16,1,0.00048828125,3.66500680684112e-05,52.26299981586635,52.111499826423824,53.323947940953076
96,16,512,512,1,1,0.00048828125,3.1498391763307154e-05,74.96500038541853,74.87449911423028,75.32245072070509
96,16,512,512,2,1,0.00048828125,3.114072387688793e-05,52.59850004222244,52.28994996286929,53.03850048221648
96,16,512,512,4,1,0.00048828125,3.0668830731883645e-05,56.06250197160989,55.93599926214665,56.32399988826364
96,16,512,512,8,1,0.00048828125,2.995642353198491e-05,53.832499543204904,53.60200011637062,54.107001051306725
96,16,512,512,16,1,0.00048828125,2.931745257228613e-05,69.72849951125681,69.57144942134619,69.8880001436919
96,16,512,768,1,1,0.00048828125,2.613316428323742e-05,108.24694763869047,108.13949920702726,108.60500042326748
96,16,512,768,2,1,0.00048828125,2.6005354811786674e-05,68.6515006236732,68.52895021438599,68.72644880786538
96,16,512,768,4,1,0.00048828125,2.56303719652351e-05,72.31750059872866,72.2554512321949,72.75744865182787
96,16,512,768,8,1,0.00048828125,2.5122468287008815e-05,66.1925005260855,66.16449973080307,66.23744848184288
96,16,512,768,16,1,0.00048828125,2.4581295292591676e-05,79.64849937707186,79.61294904816896,80.22550027817488
96,16,512,1024,1,1,0.00048828125,2.2943288058741018e-05,140.85950097069144,140.8504496794194,141.13995130173862
96,16,512,1024,2,1,0.00048828125,2.2904197976458818e-05,85.43799922335893,85.34250082448125,85.5909485835582
96,16,512,1024,4,1,0.00048828125,2.263057103846222e-05,89.20944819692522,89.06995062716305,89.61994899436831
96,16,512,1024,8,1,0.00048828125,2.225545722467359e-05,79.20849893707782,79.06649843789637,79.82300012372434
96,16,512,1024,16,1,0.00048828125,2.18229597521713e-05,94.49799836147577,94.11095234099776,94.63645110372454
96,16,512,2048,1,1,0.000244140625,1.6916423192014918e-05,274.5878999121487,274.44695006124675,275.0179497525096
96,16,512,2048,2,1,0.000244140625,1.6918318578973413e-05,153.65750005003065,153.5894494736567,153.92845089081675
96,16,512,2048,4,1,0.000244140625,1.682603033259511e-05,156.67295083403587,156.5814483910799,157.0779480971396
96,16,512,2048,8,1,0.000244140625,1.665246600168757e-05,128.7134480662644,128.48999758716673,129.1874999878928
96,16,512,2048,16,1,0.000244140625,1.6405847418354824e-05,146.1144507629797,146.08000055886805,146.4014989323914
