T,H,D,kv_len,variant,splits,allclose,max_abs,mean_abs,median_us,min_us,max_us
1,16,512,136,default,16,1,0.00048828125,5.417900683823973e-05,52.4315022630617,48.79045009147376,54.882001131772995
1,16,512,136,candidate,1,1,0.0009765625,6.022484740242362e-05,27.70200080703944,27.586950454860926,29.170000925660133
1,16,512,320,default,32,1,0.00048828125,3.6243269278202206e-05,49.313498311676085,49.19244966004044,52.916002459824085
1,16,512,320,candidate,1,1,0.00048828125,4.0062193875201046e-05,46.33399948943406,46.26449954230338,46.53500218410045
1,16,512,388,default,32,1,0.00048828125,3.230541915399954e-05,49.642499652691185,49.26295077893883,50.55099900346249
1,16,512,388,candidate,32,1,0.00048828125,3.230541915399954e-05,49.54150062985718,49.36300101689994,50.21195102017373
1,16,512,512,default,32,1,0.00048828125,2.7948450224357657e-05,49.840001156553626,49.34750031679869,50.62400014139712
1,16,512,512,candidate,32,1,0.00048828125,2.7948450224357657e-05,49.28600101266056,49.20149804092944,50.09044834878296
1,16,512,768,default,64,1,0.00048828125,2.380343539698515e-05,49.01649954263121,48.66849922109395,50.523498794063926
1,16,512,768,candidate,64,1,0.00048828125,2.380343539698515e-05,49.211998702958226,48.764998791739345,49.28144917357713
1,16,512,1024,default,64,1,0.000244140625,2.1517496861633845e-05,49.13500160910189,48.97894978057593,50.02749967388809
1,16,512,1024,candidate,64,1,0.000244140625,2.1517496861633845e-05,49.12999866064638,49.06044923700392,49.59299985785037
1,16,512,2048,default,128,1,0.000244140625,1.587122824275866e-05,49.359499826096,49.23350061289966,50.774950068444014
1,16,512,2048,candidate,128,1,0.000244140625,1.587122824275866e-05,49.237499479204416,48.933952348306775,50.14099879190326
1,16,512,4096,default,256,1,0.000244140625,1.2303326002438553e-05,50.654500955715775,50.292949890717864,51.697948947548866
1,16,512,4096,candidate,256,1,0.000244140625,1.2303326002438553e-05,50.92795181553811,50.45150173828006,51.374451140873134
1,16,512,8192,default,256,1,0.0001220703125,9.836845492827706e-06,50.69049948360771,50.43249984737486,51.51249933987856
1,16,512,8192,candidate,256,1,0.0001220703125,9.836845492827706e-06,50.56099907960743,50.200498662889004,51.27800104673952
2,16,512,136,default,32,1,0.0009765625,5.413177132140845e-05,49.349499749951065,49.03844965156168,49.88950095139444
2,16,512,136,candidate,1,1,0.0009765625,5.8014724345412105e-05,28.088499675504863,27.819498791359365,28.529949486255646
2,16,512,320,default,64,1,0.00048828125,3.5435637983027846e-05,49.465999472886324,49.361950368620455,50.28444866184145
2,16,512,320,candidate,1,1,0.00048828125,3.940737951779738e-05,46.297998051159084,46.24550056178123,46.444998588413
2,16,512,388,default,64,1,0.00048828125,3.248041321057826e-05,49.391950597055256,48.86650131084025,50.621500122360885
2,16,512,388,candidate,64,1,0.00048828125,3.248041321057826e-05,49.32250012643635,49.22600055579096,50.065500545315444
2,16,512,512,default,64,1,0.00048828125,2.8845135602750815e-05,49.470950034447014,49.02549844700843,50.33499910496175
2,16,512,512,candidate,64,1,0.00048828125,2.8845135602750815e-05,49.12650038022548,49.02099899481982,49.69850124325603
2,16,512,768,default,128,1,0.00048828125,2.3908914954517968e-05,49.649999709799886,49.38750062137842,50.56149966549128
2,16,512,768,candidate,128,1,0.00048828125,2.3908914954517968e-05,49.3744999403134,49.288448644801974,50.059499335475266
2,16,512,1024,default,128,1,0.000244140625,2.1284831746015698e-05,49.18750200886279,48.764501116238534,50.242000725120306
2,16,512,1024,candidate,128,1,0.000244140625,2.1284831746015698e-05,49.3294995976612,48.89800038654357,49.40750077366829
2,16,512,2048,default,128,1,0.000244140625,1.570400854689069e-05,49.80950034223497,49.451450468041,50.739001017063856
2,16,512,2048,candidate,128,1,0.000244140625,1.570400854689069e-05,49.597499310038984,49.35500037390739,50.19699747208506
2,16,512,4096,default,128,1,0.0001220703125,1.236678690474946e-05,49.46150002069771,49.200450303032994,51.14244995638728
2,16,512,4096,candidate,128,1,0.0001220703125,1.236678690474946e-05,49.50849979650229,48.95100137218833,49.58844801876694
2,16,512,8192,default,128,1,0.0001220703125,9.740611858433113e-06,49.54100004397333,49.31650182697922,50.24550191592425
2,16,512,8192,candidate,128,1,0.0001220703125,9.740611858433113e-06,49.583998043090105,49.29699935019016,50.40349788032472
4,16,512,136,default,64,1,0.0009765625,5.412460450315848e-05,49.43199746776372,49.21249928884208,50.44800054747611
4,16,512,136,candidate,1,1,0.0009765625,5.84294757572934e-05,28.26495037879795,27.866000891663134,28.45649723894894
4,16,512,320,default,64,1,0.00048828125,3.51351554854773e-05,49.586998648010194,49.251498421654105,50.08995067328215
4,16,512,320,candidate,1,1,0.00048828125,3.946469951188192e-05,46.43295251298696,46.327500604093075,46.44199798349291
4,16,512,388,default,64,1,0.00048828125,3.2601310522295535e-05,49.47249835822731,49.382500583305955,50.24599959142506
4,16,512,388,candidate,64,1,0.00048828125,3.2601310522295535e-05,49.27800036966801,48.925497685559094,49.647450214251876
4,16,512,512,default,64,1,0.00048828125,2.8885624487884343e-05,49.17444894090295,49.024500185623765,49.93495240341872
4,16,512,512,candidate,64,1,0.00048828125,2.8885624487884343e-05,49.04000088572502,48.88744733761996,49.76149939466268
4,16,512,768,default,64,1,0.00048828125,2.368529931118246e-05,49.684999976307154,49.35750039294362,50.379501772113144
4,16,512,768,candidate,64,1,0.00048828125,2.368529931118246e-05,49.503002082929015,49.35849865432829,50.02844845876098
4,16,512,1024,default,64,1,0.000244140625,2.108028274960816e-05,49.21045037917793,49.086997751146555,50.171499606221914
4,16,512,1024,candidate,64,1,0.000244140625,2.108028274960816e-05,49.17600017506629,48.787498963065445,49.27800036966801
4,16,512,2048,default,64,1,0.000244140625,1.5645164239685982e-05,49.73250033799559,49.18750200886279,50.595999346114695
4,16,512,2048,candidate,64,1,0.000244140625,1.5645164239685982e-05,49.36199984513223,49.05749810859561,49.737951485440135
4,16,512,4096,default,64,1,0.000244140625,1.23144309327472e-05,49.88650034647435,49.29395217914134,50.041000940836966
4,16,512,4096,candidate,64,1,0.000244140625,1.23144309327472e-05,49.425452016294,49.08150003757328,49.83200051356107
4,16,512,8192,default,64,1,0.0001220703125,9.892939488054253e-06,49.81899983249605,49.55145122949034,51.124501624144614
4,16,512,8192,candidate,64,1,0.0001220703125,9.892939488054253e-06,49.64394902344793,49.55900076311082,50.66450103186071
8,16,512,136,default,32,1,0.0009765625,5.298122050589882e-05,49.34694734402001,48.923498252406716,49.99099764972925
8,16,512,136,candidate,1,1,0.0009765625,5.812437302665785e-05,28.1400018138811,27.883448638021946,28.214999474585056
8,16,512,320,default,32,1,0.00048828125,3.566622035577893e-05,49.33949967380613,48.941001296043396,50.7610006025061
8,16,512,320,candidate,1,1,0.00048828125,3.8955462514422834e-05,46.460001613013446,46.42544954549521,46.66199965868145
8,16,512,388,default,32,1,0.00048828125,3.257206844864413e-05,49.33949967380613,48.88694966211915,49.96694915462285
8,16,512,388,candidate,32,1,0.00048828125,3.257206844864413e-05,48.87795075774193,48.627000069245696,49.0454985992983
8,16,512,512,default,32,1,0.00048828125,2.869223135348875e-05,49.15344761684537,49.04899979010224,51.428002188913524
8,16,512,512,candidate,32,1,0.00048828125,2.869223135348875e-05,49.04450033791363,48.980998690240085,49.62050006724894
8,16,512,768,default,32,1,0.00048828125,2.4323257093783468e-05,49.20999926980585,48.99544874206185,49.63644896633923
8,16,512,768,candidate,32,1,0.00048828125,2.4323257093783468e-05,49.013999523594975,48.91399876214564,49.32300071232021
8,16,512,1024,default,32,1,0.000244140625,2.133457201125566e-05,49.03650260530412,48.85045054834336,50.31749897170812
8,16,512,1024,candidate,32,1,0.000244140625,2.133457201125566e-05,49.14244927931577,48.62150235567242,49.58695208188146
8,16,512,2048,default,32,1,0.000244140625,1.6165984561666846e-05,49.24600070808083,48.83994988631457,50.136499339714646
8,16,512,2048,candidate,32,1,0.000244140625,1.6165984561666846e-05,48.93750010523945,48.71850251220167,49.64245017617941
8,16,512,4096,default,32,1,0.000244140625,1.2675114703597501e-05,49.21749932691455,49.17645128443837,50.34100031480193
8,16,512,4096,candidate,32,1,0.000244140625,1.2675114703597501e-05,49.25800021737814,48.88649855274707,49.78245124220848
8,16,512,8192,default,32,1,0.000244140625,1.0091885087604169e-05,50.06345163565129,49.7594999615103,50.92450010124594
8,16,512,8192,candidate,32,1,0.000244140625,1.0091885087604169e-05,50.15399947296828,49.89849985577166,50.59649993199855
16,16,512,136,default,16,1,0.0009765625,5.3306270274333656e-05,49.10845018457621,48.96399914287031,50.24550191592425
16,16,512,136,candidate,1,1,0.0009765625,5.767709080828354e-05,28.028449742123485,27.760499506257474,28.268498135730624
16,16,512,320,default,16,1,0.00048828125,3.694401675602421e-05,49.728501471690834,49.394500092603266,50.31549953855574
16,16,512,320,candidate,1,1,0.00048828125,3.894947440130636e-05,46.575500164180994,46.54949880205095,46.65750020649284
16,16,512,388,default,16,1,0.00048828125,3.3416170481359586e-05,49.248000141233206,48.88495022896677,50.17895018681884
16,16,512,388,candidate,16,1,0.00048828125,3.3416170481359586e-05,49.148499965667725,48.60599874518812,49.441499868407845
16,16,512,512,default,16,1,0.00048828125,2.9343824280658737e-05,49.08344999421388,48.77750179730356,49.86549902241677
16,16,512,512,candidate,16,1,0.00048828125,2.9343824280658737e-05,48.743950901553035,48.68550167884678,49.40544895362109
16,16,512,768,default,16,1,0.00048828125,2.4674185624462552e-05,48.964450252242386,48.75999875366688,50.248499610461295
16,16,512,768,candidate,16,1,0.00048828125,2.4674185624462552e-05,48.78100007772446,48.58899919781834,49.14499877486378
16,16,512,1024,default,16,1,0.00048828125,2.181734271289315e-05,48.84299996774644,48.62649948336184,49.84849947504699
16,16,512,1024,candidate,16,1,0.00048828125,2.181734271289315e-05,48.88300027232617,48.67199750151485,49.28444977849722
16,16,512,2048,default,16,1,0.000244140625,1.638642424950376e-05,49.85599953215569,49.55645126756281,50.60500116087496
16,16,512,2048,candidate,16,1,0.000244140625,1.638642424950376e-05,49.34699973091483,48.90145210083574,49.78849901817739
16,16,512,4096,default,16,1,0.000244140625,1.268546657229308e-05,50.034449668601155,49.92700123693794,50.81999988760799
16,16,512,4096,candidate,16,1,0.000244140625,1.268546657229308e-05,50.18050142098218,49.828950432129204,50.731500959955156
16,16,512,8192,default,16,1,0.000244140625,1.0163143087993376e-05,81.02745050564408,80.98745020106435,81.17344987113029
16,16,512,8192,candidate,16,1,0.000244140625,1.0163143087993376e-05,80.8734999736771,80.84844739641994,81.11099887173623
24,16,512,136,default,16,1,0.0009765625,5.353576852940023e-05,49.12750155199319,48.716997844167054,49.79049845132977
24,16,512,136,candidate,1,1,0.0009765625,5.850617526448332e-05,28.128499980084598,27.963001048192382,28.388950158841908
24,16,512,320,default,16,1,0.00048828125,3.6650388210546225e-05,49.361499259248376,48.96500031463802,50.043498049490154
24,16,512,320,candidate,1,1,0.0009765625,3.901716263499111e-05,46.641999506391585,46.602950897067785,46.7439997009933
24,16,512,388,default,16,1,0.00048828125,3.343819116707891e-05,49.01149950455874,48.51944977417588,50.06300052627921
24,16,512,388,candidate,16,1,0.00048828125,3.343819116707891e-05,48.85345115326345,48.60649933107197,49.21899817418307
24,16,512,512,default,16,1,0.00048828125,2.9284541597007774e-05,49.59499929100275,49.433999811299145,50.29145104344934
24,16,512,512,candidate,16,1,0.00048828125,2.9284541597007774e-05,49.038001452572644,48.85450180154294,49.507999210618436
24,16,512,768,default,16,1,0.00048828125,2.467375270498451e-05,49.422000302001834,49.07399998046458,49.92450121790171
24,16,512,768,candidate,16,1,0.00048828125,2.467375270498451e-05,49.67399872839451,49.22099760733545,49.838999984785914
24,16,512,1024,default,16,1,0.00048828125,2.173331995436456e-05,49.733498599380255,49.38900237902999,50.505949184298515
24,16,512,1024,candidate,16,1,0.00048828125,2.173331995436456e-05,49.252950702793896,49.11900032311678,50.087497220374644
24,16,512,2048,default,16,1,0.000244140625,1.644497024244629e-05,51.253949641250074,51.18900153320283,51.67199997231364
24,16,512,2048,candidate,16,1,0.000244140625,1.644497024244629e-05,51.05700111016631,50.97199755255133,51.16399843245745
24,16,512,4096,default,16,1,0.000244140625,1.2696661542577203e-05,83.96799967158586,83.92044983338565,84.21700040344149
24,16,512,4096,candidate,32,1,0.000244140625,1.2563784366648179e-05,75.88500156998634,75.76495117973536,76.0109513066709
24,16,512,8192,default,16,1,0.000244140625,1.0194387868978083e-05,151.41945041250437,151.36695001274347,151.69694961514324
24,16,512,8192,candidate,32,1,0.000244140625,1.0127263522008434e-05,125.87795208673924,125.806950381957,126.25294912140816
32,16,512,136,default,8,1,0.0009765625,5.504506771103479e-05,49.04294910375029,48.59300097450614,50.36144866608083
32,16,512,136,candidate,1,1,0.0009765625,5.828595021739602e-05,27.91500010062009,27.793447952717543,27.95550099108368
32,16,512,320,default,8,1,0.00048828125,3.715933416970074e-05,49.183450755663216,48.95799793303013,50.259000272490084
32,16,512,320,candidate,1,1,0.00048828125,3.91027242585551e-05,46.649001887999475,46.62749997805804,46.71350179705769
32,16,512,388,default,8,1,0.00048828125,3.417809057282284e-05,49.52095041517168,49.05399982817471,50.43594865128398
32,16,512,388,candidate,8,1,0.00048828125,3.417809057282284e-05,49.32700248900801,49.08450064249337,49.73800096195191
32,16,512,512,default,8,1,0.00048828125,3.0008575777173974e-05,49.291999312117696,48.98044862784445,49.92749891243875
32,16,512,512,candidate,8,1,0.00048828125,3.0008575777173974e-05,49.259449588134885,48.92200231552124,49.44500105921179
32,16,512,768,default,8,1,0.00048828125,2.5279065084760077e-05,49.0720005473122,48.81849745288491,50.28444866184145
32,16,512,768,candidate,8,1,0.00048828125,2.5279065084760077e-05,49.23249944113195,49.07194816041738,49.46150002069771
32,16,512,1024,default,8,1,0.00048828125,2.2281206838670187e-05,49.04645029455423,48.84400113951415,49.79499790351838
32,16,512,1024,candidate,8,1,0.00048828125,2.2281206838670187e-05,49.24850072711706,48.926001181825995,49.91500172764063
32,16,512,2048,default,8,1,0.000244140625,1.6656165826134384e-05,49.99894881621003,49.780000699684024,50.573950284160674
32,16,512,2048,candidate,8,1,0.000244140625,1.6656165826134384e-05,50.19444797653705,49.70294830854982,50.424502114765346
32,16,512,4096,default,8,1,0.000244140625,1.2804179277736694e-05,81.82899910025299,81.78995049092919,82.0844987174496
32,16,512,4096,candidate,8,1,0.000244140625,1.2804179277736694e-05,81.87545172404498,81.82949968613684,81.90549851860851
32,16,512,8192,default,8,1,0.000244140625,1.0204792488366365e-05,153.42944825533777,153.405949822627,155.40495223831385
32,16,512,8192,candidate,8,1,0.000244140625,1.0204792488366365e-05,153.360451804474,153.24644919019192,153.38744851760566
48,16,512,136,default,8,1,0.0009765625,5.514811346074566e-05,48.995998804457486,48.69599943049252,50.050500431098044
48,16,512,136,candidate,1,1,0.0009765625,5.829959991388023e-05,28.11499871313572,27.926999609917402,28.531000134535134
48,16,512,320,default,8,1,0.00048828125,3.704390110215172e-05,49.335951916873455,49.1095008328557,50.24699785280973
48,16,512,320,candidate,1,1,0.00048828125,3.902561729773879e-05,46.815452515147626,46.70149937737733,46.89499910455197
48,16,512,388,default,8,1,0.00048828125,3.4392549423500896e-05,49.060999299399555,48.79800253547728,49.82499813195318
48,16,512,388,candidate,8,1,0.00048828125,3.4392549423500896e-05,49.22799998894334,49.07000111415982,49.63650135323405
48,16,512,512,default,8,1,0.00048828125,2.993491943925619e-05,49.813950317911804,49.60650112479925,51.02050199639052
48,16,512,512,candidate,8,1,0.00048828125,2.993491943925619e-05,49.621000653132796,49.57695200573653,49.62999955751002
48,16,512,768,default,8,1,0.00048828125,2.5285142328357324e-05,49.823999870568514,49.464948824606836,50.51399930380285
48,16,512,768,candidate,8,1,0.00048828125,2.5285142328357324e-05,49.52250164933503,49.258998478762805,49.864500761032104
48,16,512,1024,default,8,1,0.00048828125,2.2213414922589436e-05,51.68344941921532,51.66850169189274,52.0315021276474
48,16,512,1024,candidate,8,1,0.00048828125,2.2213414922589436e-05,51.77444836590439,51.66549817658961,51.84400069992989
48,16,512,2048,default,8,1,0.000244140625,1.668903132667765e-05,84.6954993903637,84.62895057164133,84.78144882246852
48,16,512,2048,candidate,16,1,0.000244140625,1.6395813872804865e-05,76.4849508414045,76.46495068911463,76.59700058866292
48,16,512,4096,default,8,1,0.000244140625,1.2828986655222252e-05,151.34045097511262,151.27645165193826,151.48044913075864
48,16,512,4096,candidate,16,1,0.000244140625,1.273014822800178e-05,125.9944518096745,125.77794841490686,126.07394892256707
48,16,512,8192,default,8,1,0.0001220703125,1.022015931084752e-05,293.5744007118046,293.4703981736675,293.7009005108848
48,16,512,8192,candidate,16,1,0.000244140625,1.0192858098889701e-05,238.67794952820987,236.88795045018196,242.00644984375685
64,16,512,136,default,4,1,0.0009765625,5.60152911930345e-05,48.947500181384385,48.75695158261806,50.453998846933246
64,16,512,136,candidate,1,1,0.0009765625,5.80944906687364e-05,27.76549954432994,27.632497949525714,28.21400121320039
64,16,512,320,default,4,1,0.0009765625,3.7713853089371696e-05,49.12950098514557,49.00945059489459,49.77549833711237
64,16,512,320,candidate,1,1,0.0009765625,3.9085040043573827e-05,46.91149806603789,46.84949817601591,47.24194877780974
64,16,512,388,default,4,1,0.00048828125,3.473709512036294e-05,49.507999210618436,49.3144994834438,50.05194980185479
64,16,512,388,candidate,4,1,0.00048828125,3.473709512036294e-05,49.240500084124506,49.072998808696866,49.69094879925251
64,16,512,512,default,4,1,0.00048828125,3.0593564588343725e-05,49.546497757546604,49.02649961877614,50.573499174788594
64,16,512,512,candidate,4,1,0.00048828125,3.0593564588343725e-05,49.59600046277046,49.16199832223356,49.83094986528158
64,16,512,768,default,4,1,0.00048828125,2.5670249669929035e-05,49.881948507390916,49.65699918102473,50.29595049563795
64,16,512,768,candidate,4,1,0.00048828125,2.5670249669929035e-05,50.39795069023967,49.88799919374287,50.6300013512373
64,16,512,1024,default,4,1,0.00048828125,2.263428359583486e-05,50.81749986857176,50.39349780417979,51.61144945304841
64,16,512,1024,candidate,4,1,0.00048828125,2.263428359583486e-05,50.37850060034543,50.28099985793233,50.4919997183606
64,16,512,2048,default,4,1,0.00048828125,1.685735333012417e-05,84.65699793305248,84.48500011581928,84.9974516313523
64,16,512,2048,candidate,4,1,0.00048828125,1.685735333012417e-05,84.46894935332239,84.44350096397102,84.53245100099593
64,16,512,4096,default,4,1,0.000244140625,1.2858025002060458e-05,156.8493986269459,156.74399910494685,157.44145202916116
64,16,512,4096,candidate,4,1,0.000244140625,1.2858025002060458e-05,156.71594883315265,156.68894920963794,156.8064501043409
64,16,512,8192,default,4,1,0.000244140625,1.0244595614494756e-05,302.4418983841315,300.3258985700086,304.1959018446505
64,16,512,8192,candidate,4,1,0.000244140625,1.0244595614494756e-05,301.129900617525,300.39539851713926,301.9739000592381
72,16,512,136,default,4,1,0.0009765625,5.577383126365021e-05,48.501501441933215,48.243001219816506,49.69945002812892
72,16,512,136,candidate,1,1,0.0009765625,5.824149775435217e-05,28.00149959512055,27.821949333883822,28.1810003798455
72,16,512,320,default,4,1,0.0009765625,3.7859383155591786e-05,49.07800175715238,48.80699852947146,49.86000130884349
72,16,512,320,candidate,1,1,0.0009765625,3.913512409781106e-05,46.92249931395054,46.916501014493406,47.02699952758849
72,16,512,388,default,4,1,0.00048828125,3.4630746085895225e-05,49.15850004181266,48.93295117653906,49.792998470366
72,16,512,388,candidate,4,1,0.00048828125,3.4630746085895225e-05,49.24950189888477,49.11044961772859,49.503499758429825
72,16,512,512,default,4,1,0.00048828125,3.0665367376059294e-05,49.6979511808604,49.55145122949034,50.31500186305493
72,16,512,512,candidate,4,1,0.00048828125,3.0665367376059294e-05,49.72750029992312,49.613500596024096,50.193999777548015
72,16,512,768,default,4,1,0.00048828125,2.5592427846277133e-05,49.8120003612712,49.54695177730173,50.81850104033947
72,16,512,768,candidate,4,1,0.00048828125,2.5592427846277133e-05,50.00100063625723,49.675500486046076,50.19045202061534
72,16,512,1024,default,4,1,0.00048828125,2.2512313080369495e-05,51.09395133331418,50.86945020593703,51.538998377509415
72,16,512,1024,candidate,4,1,0.00048828125,2.2512313080369495e-05,50.910949357785285,50.85699958726764,50.987000577151775
72,16,512,2048,default,4,1,0.000244140625,1.682424044702202e-05,85.07949823979288,85.01044940203428,85.23600117769092
72,16,512,2048,candidate,4,1,0.000244140625,1.682424044702202e-05,85.12644853908569,85.05299920216203,85.21095151081681
72,16,512,4096,default,4,1,0.000244140625,1.288340899918694e-05,165.37545016035438,164.88045221194625,166.66595183778554
72,16,512,4096,candidate,4,1,0.000244140625,1.288340899918694e-05,163.72695099562407,161.99445235542953,164.59895123261958
72,16,512,8192,default,4,1,0.000244140625,1.0237686183245387e-05,313.0163997411728,312.30190070346,313.1314006168395
72,16,512,8192,candidate,4,1,0.000244140625,1.0237686183245387e-05,313.100399216637,312.8203999949619,313.4899016004056
96,16,512,136,default,2,1,0.0009765625,5.6721979490248486e-05,49.39899954479188,48.99949999526143,50.44550052843988
96,16,512,136,candidate,1,1,0.0009765625,5.800582221127115e-05,27.83450181595981,27.689500711858273,28.29244767781347
96,16,512,320,default,2,1,0.00048828125,3.867034683935344e-05,49.474998377263546,49.27899863105267,50.60044932179153
96,16,512,320,candidate,1,1,0.0009765625,3.908446888090111e-05,48.98400220554322,48.94894955214113,49.0795006044209
96,16,512,388,default,2,1,0.00048828125,3.5288569051772356e-05,49.83649996574968,49.59744983352721,50.55899964645505
96,16,512,388,candidate,2,1,0.00048828125,3.5288569051772356e-05,49.72094902768731,49.65550033375621,50.03050027880818
96,16,512,512,default,2,1,0.00048828125,3.114072387688793e-05,51.067949971184134,50.98649999126792,51.506998715922236
96,16,512,512,candidate,2,1,0.00048828125,3.114072387688793e-05,51.25250027049333,51.23844894114882,51.368449931032956
96,16,512,768,default,2,1,0.00048828125,2.6005354811786674e-05,68.0994475260377,68.02600109949708,68.3579477481544
96,16,512,768,candidate,2,1,0.00048828125,2.6005354811786674e-05,68.02644929848611,67.984449560754,68.0650002323091
96,16,512,1024,default,2,1,0.00048828125,2.2904197976458818e-05,85.08850005455315,85.05349978804588,85.72344959247857
96,16,512,1024,candidate,8,1,0.00048828125,2.225545722467359e-05,78.34144926164299,78.23299965821207,78.36144941393286
96,16,512,2048,default,2,1,0.000244140625,1.6918318578973413e-05,153.62194972112775,153.5709510790184,154.51795188710093
96,16,512,2048,candidate,8,1,0.000244140625,1.665246600168757e-05,128.41199932154268,128.3864490687847,128.51145002059639
96,16,512,4096,default,2,1,0.000244140625,1.282457378692925e-05,296.84889886993915,296.7589476611465,297.1453999634832
96,16,512,4096,candidate,8,1,0.000244140625,1.2811178748961538e-05,240.40295102167875,237.96244931872934,244.39445114694536
96,16,512,8192,default,2,1,0.000244140625,1.0189029126195237e-05,571.6777988709509,571.4138504117727,571.824301732704
96,16,512,8192,candidate,8,1,0.000244140625,1.0208083949692082e-05,454.02785181067884,451.61034795455635,463.05535070132464
128,16,512,136,default,2,1,0.0009765625,5.688102464773692e-05,49.18250197079033,48.80799970123917,50.16149953007698
128,16,512,136,candidate,1,1,0.0009765625,5.804027387057431e-05,28.165002004243433,27.784501435235143,28.178500360809267
128,16,512,320,default,2,1,0.0009765625,3.880967415170744e-05,49.71200251020491,49.379499978385866,50.55599904153496
128,16,512,320,candidate,1,1,0.0009765625,3.929601371055469e-05,49.85049890819937,49.82894752174616,49.94145128875971
128,16,512,388,default,2,1,0.00048828125,3.525410284055397e-05,50.01600075047463,49.636949552223086,51.359451026655734
128,16,512,388,candidate,2,1,0.00048828125,3.525410284055397e-05,49.80399971827865,49.73849863745272,50.0394991831854
128,16,512,512,default,2,1,0.00048828125,3.115398794761859e-05,53.47150145098567,53.38994960766286,53.59599890653044
128,16,512,512,candidate,2,1,0.00048828125,3.115398794761859e-05,53.44195233192295,53.42000222299248,53.705499158240855
128,16,512,768,default,2,1,0.00048828125,2.5914097932400182e-05,70.80945069901645,70.76750043779612,71.01600058376789
128,16,512,768,candidate,2,1,0.00048828125,2.5914097932400182e-05,70.77850168570876,70.72099833749235,70.94595057424158
128,16,512,1024,default,2,1,0.00048828125,2.2816922864876688e-05,88.30094884615391,88.23649841360748,88.46349956002086
128,16,512,1024,candidate,2,1,0.00048828125,2.2816922864876688e-05,88.28200225252658,88.18944916129112,88.35199987515807
128,16,512,2048,default,2,1,0.000244140625,1.6972486264421605e-05,160.55495070759207,160.4329503607005,161.0324514331296
128,16,512,2048,candidate,2,1,0.000244140625,1.6972486264421605e-05,160.53245053626597,160.38444882724434,160.71345016825944
128,16,512,4096,default,2,1,0.000244140625,1.2879517271358054e-05,305.4253989830613,303.7488990230486,309.3499515671283
128,16,512,4096,candidate,2,1,0.000244140625,1.2879517271358054e-05,304.6119003556669,303.94140048883855,305.03745074383914
128,16,512,8192,default,2,1,0.000244140625,1.019272895064205e-05,588.8143496122211,588.5372986085713,589.3977999221534
128,16,512,8192,candidate,2,1,0.000244140625,1.019272895064205e-05,588.9728519832715,588.6578001081944,591.2083492148668
